{
  "seed": 2024,
  "n_rows": 217197,
  "smoke": false,
  "runs": [
    {
      "variant": "none",
      "n_train": 184617,
      "macro_f1": 0.7583340326491933,
      "disparate_impact": 3.7197460687473294,
      "fit_seconds": 204.3
    },
    {
      "variant": "scrub",
      "n_train": 184617,
      "macro_f1": 0.755767322026821,
      "disparate_impact": 3.4349622069030312,
      "fit_seconds": 188.7
    }
  ]
}