{
  "seed": 42,
  "n_eval": 1500,
  "smoke": true,
  "argmax": {
    "macro_f1": 0.7719475136391628,
    "disparate_impact": 3.2301457573625063,
    "single_gender_jobs": 5
  },
  "front": [
    {
      "lambda": 0.0,
      "macro_f1": 0.7602542807300007,
      "disparate_impact": 3.384157333894176,
      "single_gender_jobs": 5,
      "bias": [
        0.25,
        0.0,
        0.0,
        0.25,
        -0.25,
        0.25,
        0.0,
        0.0,
        0.0,
        0.0,
        0.0,
        0.0,
        0.0,
        0.0,
        0.25,
        -0.25,
        0.0,
        -0.25,
        -0.5,
        0.0,
        0.0,
        0.0,
        0.0,
        0.0,
        -0.25,
        0.0,
        0.5,
        -1.0
      ]
    },
    {
      "lambda": 0.02,
      "macro_f1": 0.7569866339659554,
      "disparate_impact": 2.909981617774153,
      "single_gender_jobs": 6,
      "bias": [
        0.25,
        0.0,
        0.0,
        0.25,
        -0.25,
        0.25,
        0.0,
        -0.25,
        0.0,
        -0.25,
        -0.75,
        0.0,
        -0.75,
        0.0,
        0.25,
        -0.25,
        0.0,
        -0.25,
        -0.75,
        0.0,
        0.0,
        0.0,
        0.0,
        -0.5,
        -0.25,
        0.0,
        0.25,
        -0.25
      ]
    }
  ]
}