{
  "smoke": false,
  "n_rows": 217197,
  "runs": [
    {
      "seed": 42,
      "n_fit": 152037,
      "n_calib": 32580,
      "n_eval": 32580,
      "fit_seconds": 188.3,
      "tune_seconds": 14.4,
      "eval_argmax_f1": 0.7608020289818435,
      "eval_tuned_honest_f1": 0.7641777263434253,
      "eval_tuned_insample_f1": 0.7686536042329895,
      "calib_argmax_f1": 0.7525516845943522,
      "calib_tuned_f1": 0.7605880970065391,
      "delta_honest": 0.003375697361581831,
      "delta_insample": 0.007851575251145992,
      "delta_calib_selfreported": 0.008036412412186889,
      "eval_argmax_di": 3.8001218954266163,
      "eval_tuned_honest_di": 4.002425628314428,
      "bias_honest": [
        0.0,
        -0.25,
        0.0,
        0.0,
        0.0,
        0.0,
        0.25,
        -0.25,
        0.0,
        0.0,
        0.0,
        0.0,
        0.0,
        0.0,
        0.25,
        0.0,
        0.0,
        0.0,
        -0.25,
        0.25,
        0.0,
        0.0,
        0.0,
        0.0,
        0.0,
        0.0,
        0.0,
        0.0
      ]
    },
    {
      "seed": 7,
      "n_fit": 152037,
      "n_calib": 32580,
      "n_eval": 32580,
      "fit_seconds": 243.1,
      "tune_seconds": 14.7,
      "eval_argmax_f1": 0.7534983658034002,
      "eval_tuned_honest_f1": 0.7556382267128237,
      "eval_tuned_insample_f1": 0.7587385170121498,
      "calib_argmax_f1": 0.7571327518402333,
      "calib_tuned_f1": 0.7639295329968235,
      "delta_honest": 0.002139860909423419,
      "delta_insample": 0.005240151208749544,
      "delta_calib_selfreported": 0.006796781156590215,
      "eval_argmax_di": 3.7419882517499445,
      "eval_tuned_honest_di": 4.088444810769906,
      "bias_honest": [
        0.0,
        -0.25,
        0.0,
        0.0,
        0.0,
        0.0,
        0.25,
        0.0,
        0.0,
        -0.25,
        0.0,
        0.25,
        0.0,
        0.0,
        0.25,
        0.0,
        0.0,
        0.0,
        0.0,
        0.25,
        0.0,
        0.0,
        0.25,
        0.0,
        0.0,
        0.0,
        0.0,
        0.0
      ]
    },
    {
      "seed": 2024,
      "n_fit": 152037,
      "n_calib": 32580,
      "n_eval": 32580,
      "fit_seconds": 280.1,
      "tune_seconds": 25.6,
      "eval_argmax_f1": 0.7526243187034242,
      "eval_tuned_honest_f1": 0.7568439426187161,
      "eval_tuned_insample_f1": 0.7609669496587668,
      "calib_argmax_f1": 0.7607587737955344,
      "calib_tuned_f1": 0.7681508632933242,
      "delta_honest": 0.004219623915291959,
      "delta_insample": 0.0083426309553426,
      "delta_calib_selfreported": 0.0073920894977898,
      "eval_argmax_di": 4.079371969006718,
      "eval_tuned_honest_di": 4.315542287923209,
      "bias_honest": [
        0.0,
        0.0,
        0.0,
        0.0,
        0.0,
        0.0,
        0.25,
        0.0,
        0.0,
        0.0,
        0.0,
        0.25,
        0.0,
        0.0,
        0.25,
        0.0,
        0.0,
        0.0,
        0.0,
        0.25,
        0.25,
        0.0,
        0.0,
        0.0,
        0.0,
        0.0,
        0.0,
        -0.25
      ]
    }
  ]
}